strategy,avg_return_pct,median_return_pct,min_return_pct,max_return_pct,avg_cagr_pct,avg_max_drawdown_pct,worst_drawdown_pct,win_rate_vs_lump,asset
DCA_10y,54.34108205506493,62.047169426407024,-27.757813519740658,151.26338982973473,3.9961350710684442,26.73868757180669,59.12463729517251,35.467980295566505,orucan_multiply_dollar_yen_since199907
DCA_3y,87.0027221722211,108.48084123493113,-25.963233136899746,252.83553887767164,5.580667858471889,39.71440667668808,62.83769341189851,40.88669950738916,orucan_multiply_dollar_yen_since199907
DCA_5y,78.83732715575748,93.03768847514019,-27.59920788010487,233.3777057767787,5.2264928635830215,36.498419795014556,62.837693411898485,35.960591133004925,orucan_multiply_dollar_yen_since199907
DCA_7y,69.47676664173444,80.31319665678718,-34.00103121555409,198.5069538861904,4.765371886438522,32.86511844439839,62.837693411898535,35.960591133004925,orucan_multiply_dollar_yen_since199907
Hybrid25pct_10y,65.6150993816405,67.84223097149777,-27.76816105610682,193.48600549940153,4.574820061501098,30.671306678174243,60.031075594359486,35.467980295566505,orucan_multiply_dollar_yen_since199907
Hybrid25pct_3y,90.11132946950775,96.21249556004778,-26.95253544592463,269.6651172853545,5.694648537657511,40.45521125035877,62.837693411898464,40.88669950738916,orucan_multiply_dollar_yen_since199907
Hybrid25pct_5y,83.98728320715993,94.25866295087881,-26.539978663213425,255.07174245968454,5.451519837116272,37.92953608711264,62.837693411898485,35.960591133004925,orucan_multiply_dollar_yen_since199907
Hybrid25pct_7y,76.9668628216427,81.16953114245065,-31.34134616480033,228.91867854174342,5.117790310792809,35.09501945105651,62.8376934118985,35.960591133004925,orucan_multiply_dollar_yen_since199907
LumpSum,99.43715136136736,65.59174982443862,-37.70625542801614,320.15385250840245,5.842453718567922,44.47714954024158,62.837693411898485,0.0,orucan_multiply_dollar_yen_since199907
