strategy,avg_return_pct,median_return_pct,min_return_pct,max_return_pct,avg_cagr_pct,avg_max_drawdown_pct,worst_drawdown_pct,win_rate_vs_lump,asset
DCA_10y,147.86825047509495,168.27088945346742,-15.942410960204356,291.3959344733498,8.705523282809335,26.660576834391726,54.806763319570486,17.24137931034483,qqq_multiply_dollar_yen_since199907
DCA_3y,272.30819643527536,317.38219969913297,-37.70749375858319,583.6938945430022,12.280815202650803,37.549097845667234,62.315295395336044,32.51231527093596,qqq_multiply_dollar_yen_since199907
DCA_5y,232.7295164988715,277.24607761198786,-18.75134744306669,484.2407823736129,11.376618616204398,34.65485295434605,58.84863783237391,34.48275862068966,qqq_multiply_dollar_yen_since199907
DCA_7y,195.71270032984657,223.99267339054373,-16.818348031077512,392.95946660367446,10.325453986268178,31.749036051039223,58.84863783237396,29.064039408866993,qqq_multiply_dollar_yen_since199907
Hybrid25pct_10y,194.4846883925305,196.07555689027137,-25.516215773141827,450.56567589635046,10.122707136882571,30.01132671015549,55.60971286742421,17.24137931034483,qqq_multiply_dollar_yen_since199907
Hybrid25pct_3y,287.8146478626658,318.4975374053088,-38.87401292269842,668.8403990568014,12.520880657822746,38.453716564467065,68.04092584348366,32.51231527093596,qqq_multiply_dollar_yen_since199907
Hybrid25pct_5y,258.13063791036285,287.53650468406096,-24.65690318606113,576.6019919356596,11.902102285158355,36.023034807028985,58.84863783237391,34.48275862068966,qqq_multiply_dollar_yen_since199907
Hybrid25pct_7y,230.36802578359413,245.7091447839231,-26.892417425191983,516.554703602755,11.181744344535826,33.77867819511241,58.84863783237393,29.064039408866993,qqq_multiply_dollar_yen_since199907
LumpSum,334.33400214483686,249.89382178848714,-66.25441115506123,955.8340562472526,12.880641041846022,43.31557636172435,78.58993274714258,0.0,qqq_multiply_dollar_yen_since199907
