strategy,avg_return_pct,median_return_pct,min_return_pct,max_return_pct,avg_cagr_pct,avg_max_drawdown_pct,worst_drawdown_pct,win_rate_vs_lump,asset
DCA_10y,79.39344518683993,95.69381082604855,-28.47321653947622,182.33550198549042,5.398652990516015,25.031354423357133,57.21291216022263,38.42364532019704,spy_multiply_dollar_yen_since199907
DCA_3y,132.88013848345966,167.2954673506273,-36.18847409988789,324.40039699482577,7.454656270577465,37.66074012594363,61.31753820035778,36.45320197044335,spy_multiply_dollar_yen_since199907
DCA_5y,118.30776288193586,149.4138490071096,-30.854387293060313,290.0855899304682,6.986400510808179,34.16191396894256,61.31753820035776,37.93103448275862,spy_multiply_dollar_yen_since199907
DCA_7y,102.87220959721031,124.96085083375657,-34.990157843058924,242.25936288958505,6.39640021107303,30.580143349472063,61.317538200357816,43.34975369458128,spy_multiply_dollar_yen_since199907
Hybrid25pct_10y,98.59146741081601,102.53197158030729,-32.65987849612186,242.9054879258975,6.208021153570234,28.972280885341668,58.19393905159198,38.42364532019704,spy_multiply_dollar_yen_since199907
Hybrid25pct_3y,138.70648738328097,162.31964459001372,-36.75798601275356,349.4541591828991,7.616151454277151,38.465558927846914,61.31753820035774,36.45320197044335,spy_multiply_dollar_yen_since199907
Hybrid25pct_5y,127.77720568213805,150.33758535820968,-33.47628823802843,323.71805388463093,7.298818795341708,35.778184230398416,61.31753820035776,37.93103448275862,spy_multiply_dollar_yen_since199907
Hybrid25pct_7y,116.20054071859393,128.31119038796933,-36.36645914354335,287.8483836039685,6.886692545943504,33.06067344471487,61.31753820035778,43.34975369458128,spy_multiply_dollar_yen_since199907
LumpSum,156.18553408274454,101.8537461276174,-45.219864366058815,460.73445376147,7.899723070966436,42.444357363087136,61.31753820035776,0.0,spy_multiply_dollar_yen_since199907
