strategy,avg_return_pct,median_return_pct,min_return_pct,max_return_pct,avg_cagr_pct,avg_max_drawdown_pct,worst_drawdown_pct,win_rate_vs_lump,asset
DCA_10y,28.974054138020357,35.71960606449067,-31.85626905924409,111.01843785624581,2.237360469802208,26.562517770012004,53.360176879844424,41.87192118226601,topix_since199907
DCA_3y,43.45239240130254,54.98987311589729,-31.390492164005714,152.86283756026648,3.0186125771479455,39.07793386425871,59.46261155683767,48.76847290640394,topix_since199907
DCA_5y,40.246004814121115,52.888817051646456,-38.88305827967764,150.30091866221179,2.8444110461995984,36.092282605186426,59.46261155683765,36.94581280788177,topix_since199907
DCA_7y,36.1601383060835,46.96904407514262,-38.97780596805222,137.11388831752953,2.614649324182969,32.641793592763506,57.36556837645368,38.42364532019704,topix_since199907
Hybrid25pct_10y,33.59590548615781,43.27646153026987,-33.83057726432257,134.13315073297872,2.5109449063931337,30.25658175926214,54.27012680451002,41.87192118226601,topix_since199907
Hybrid25pct_3y,44.45465918361953,62.16876905921844,-35.75083973578621,165.51645051099433,3.056824780903271,39.883342889930006,59.46261155683764,48.76847290640394,topix_since199907
Hybrid25pct_5y,42.04986849323339,56.48637776996151,-37.631364095286756,163.59501133745334,2.950970893260564,37.486599177673526,59.46261155683765,36.94581280788177,topix_since199907
Hybrid25pct_7y,38.98546861220523,51.66946946520361,-37.694176352009634,153.7047385789415,2.7848827502550098,34.756529513929955,57.68262027809284,38.42364532019704,topix_since199907
LumpSum,47.461459530570174,35.58314432374359,-48.8318824511279,203.47728936317756,2.9683241446965276,43.08950688294389,59.46261155683765,0.0,topix_since199907
